group,n,mean_out,median_out,p95_out
ASD,76,13.25,8.5,28
TD,78,17.58974358974359,8.5,82.54999999999968
